model,accuracy,precision,recall,f1,cv_mean,cv_std
SVM (Linear),0.4090909090909091,0.5727272727272728,0.4090909090909091,0.3885281385281385,0.5662337662337662,0.12091491082317637
Complement NB,0.4090909090909091,0.5320855614973262,0.4090909090909091,0.35880785880785876,0.0,0.0
