model,accuracy,precision,recall,f1,cv_mean,cv_std
SVM (Linear),0.19047619047619047,0.17460317460317462,0.19047619047619047,0.15873015873015872,0.25,0.04641330640385221
Complement NB,0.19047619047619047,0.13378684807256236,0.19047619047619047,0.14523809523809522,0.0,0.0
