,precision,recall,f1-score,support
Bebas,1.0,0.5,0.6666666666666666,2.0
Berat (9+ tahun),0.5,0.7777777777777778,0.6086956521739131,9.0
Ringan (1-4 tahun),0.3333333333333333,0.16666666666666666,0.2222222222222222,6.0
Sedang (5-8 tahun),0.25,0.2,0.2222222222222222,5.0
accuracy,0.45454545454545453,0.45454545454545453,0.45454545454545453,0.45454545454545453
macro avg,0.5208333333333333,0.4111111111111111,0.42995169082125606,22.0
weighted avg,0.4431818181818182,0.45454545454545453,0.4207290294246816,22.0
