model,accuracy,precision,recall,f1,n_samples
TF-IDF + Cosine Similarity,0.45454545454545453,0.4431818181818182,0.45454545454545453,0.4207290294246816,22
Multilingual BERT (MiniLM),0.4090909090909091,0.4090909090909091,0.4090909090909091,0.3998556998556999,22
