model,accuracy,precision,recall,f1,n_samples
TF-IDF + Cosine Similarity,0.19047619047619047,0.1761904761904762,0.19047619047619047,0.15873015873015872,21
Multilingual BERT (MiniLM),0.19047619047619047,0.246031746031746,0.19047619047619047,0.1968253968253968,21
